{
    "gt_boxes": [
        [
            170.35074626865674,
            97.34328358208955,
            81.1194029850746,
            137.90298507462688
        ],
        [
            377.20522388059703,
            73.00746268656717,
            77.06343283582089,
            127.76305970149254
        ],
        [
            547.5559701492538,
            168.32276119402985,
            67.9375,
            105.45522388059703
        ],
        [
            748.3264925373135,
            60.83955223880597,
            61.853544776119406,
            114.58115671641792
        ],
        [
            908.5373134328358,
            165.28078358208955,
            77.06343283582089,
            129.7910447761194
        ],
        [
            867.9776119402985,
            416.7509328358209,
            65.90951492537317,
            106.4692164179105
        ],
        [
            717.9067164179105,
            283.9179104477612,
            77.06343283582089,
            128.777052238806
        ],
        [
            488.74440298507466,
            386.3311567164179,
            79.09141791044772,
            124.72108208955223
        ],
        [
            265.66604477611946,
            335.6299773957712,
            75.03544776119406,
            118.63712686567163
        ],
        [
            75.03544776119404,
            306.22574626865674,
            61.853544776119406,
            99.37126865671644
        ]
    ],
    "gt_labels": [
        1,
        1,
        1,
        1,
        1,
        1,
        1,
        1,
        1,
        1
    ],
    "pred_boxes": [
        [
            179.47667910447763,
            102.41324626865672,
            77.06343283582089,
            139.9309701492537
        ],
        [
            366.05130597014926,
            82.13339552238806,
            76.04944029850748,
            128.777052238806
        ],
        [
            549.1641791044776,
            199.05690298507463,
            71.11940298507466,
            100.24533582089552
        ],
        [
            492.80037313432837,
            31.433768656716417,
            59.82555970149252,
            81.11940298507463
        ],
        [
            145.0009328358209,
            159.19682835820896,
            90.24533582089555,
            65.90951492537314
        ],
        [
            121.67910447761194,
            440.07276119402985,
            59.82555970149254,
            77.06343283582095
        ],
        [
            79.09141791044776,
            307.23973880597015,
            55.7695895522388,
            97.34328358208955
        ],
        [
            257.55410447761193,
            331.5755597014925,
            90.24533582089555,
            133.84701492537317
        ],
        [
            233.21828358208955,
            325.49160447761193,
            99.37126865671644,
            71.99347014925377
        ],
        [
            296.0858208955224,
            425.8768656716418,
            68.95149253731347,
            51.7136194029851
        ],
        [
            482.66044776119406,
            379.2332089552239,
            87.20335820895525,
            138.91697761194024
        ],
        [
            471.05223880597015,
            401.15671641791045,
            90.17537313432837,
            118.58768656716421
        ],
        [
            945.0410447761194,
            39.54570895522388,
            52.727611940298516,
            93.28731343283582
        ],
        [
            700.6268656716418,
            300.23973880597015,
            84.16138059701495,
            126.74906716417911
        ],
        [
            711.8227611940299,
            51.713619402985074,
            46.64365671641792,
            85.17537313432837
        ],
        [
            555.6679104477612,
            177.44869402985074,
            68.95149253731347,
            109.51119402985074
        ],
        [
            865.8936567164179,
            414.6529850746269,
            66.92350746268653,
            108.49720149253727
        ],
        [
            915.6352611940299,
            169.3367537313433,
            64.8955223880597,
            129.79104477611938
        ]
    ],
    "pred_labels": [
        1,
        1,
        1,
        1,
        1,
        1,
        1,
        1,
        1,
        1,
        1,
        1,
        1,
        1,
        1,
        1,
        1,
        1
    ],
    "pred_scores": [
        0.98,
        0.64,
        0.40,
        0.23,
        0.61,
        0.27,
        0.99,
        0.47,
        0.46,
        0.37,
        0.71,
        0.17,
        0.91,
        0.67,
        0.12,
        0.52,
        0.98,
        1.00
    ]
}